{
  "assetsByChunkName": {
    "vendors~app-account~app-confirmation~app-order": "chunk.9b0f36aaf21fc3fc38fb.js",
    "vendors~app-account~app-checkout": "chunk.3087645128a8872d3c89.js",
    "vendors~app-cart~app-checkout": "chunk.76626845287774946e7d.js",
    "admin": [
      "admin.c201a3ebba7f5af0046b.js",
      "admin.c201a3ebba7f5af0046b.js.map"
    ],
    "app-account": "chunk.d76250024d597f8a8531.js",
    "app-checkout": "chunk.2047900d96361aab5d5c.js",
    "app-confirmation": "chunk.efee93a03c55f4d42596.js",
    "checkout": [
      "checkout.0262279d3d15619900fd.js",
      "checkout.0262279d3d15619900fd.js.map"
    ],
    "storefront": [
      "storefront.8fbc27973c037150c7c8.css",
      "storefront.bb5c8c2a9d64f74f5d5a.js",
      "storefront.8fbc27973c037150c7c8.css.map",
      "storefront.bb5c8c2a9d64f74f5d5a.js.map"
    ],
    "vendors~app-cart": "chunk.1db47d776ee4c105222b.js",
    "vendors~app-order": "chunk.e38ea9fea3b0793dd0d0.js"
  }
}